slno	concept_id	concepticon_id	concepticon_name	name	gloss	concept	stage	comment	category	definition	japanese	hindi	assamese	mandarin	burmese	nagamese	CALMSEA
1	arm..uppper.limb	2121	ARM OR HAND	arm (uppper limb)	arm	ᴀʀᴍ	1		body parts	One of the two upper extremeties of the human body, extending from the shoulder to the wrist. This should be the most general term, and will often include the hand as well. A term for arm which does not include the hand is not expected.	腕	बांह	বাঁহ		လက်		hand/arm
10	house	1252	HOUSE	house	house	ʜᴏᴜꜱᴇ	1			A building for human habitation, especially one that is lived in by a family or small group of people.	家	घर		房子	အိမ်		house
100	yesterday	1174	YESTERDAY	yesterday	yesterday	ʏᴇꜱᴛᴇʀᴅᴀʏ	2			The day before today.	昨日	कल		昨天	မနေ့က		
11	language	1307	LANGUAGE	language	language	ʟᴀɴɢᴜᴀɢᴇ	1			A system of communication using the spoken or signed word or using symbols that represent words, signs or sounds.	ことば	भाषा		语言	ဘာသာစကား		
12	louse..head	1392	LOUSE	louse (head)	louse	ʟᴏᴜꜱᴇ	1		fauna	A small wingless parasitic insect of the order Phthiraptera that lives on humans, other mammals and birds.	虱	जूं		虱子	ကြွက်		louse
129	feather	1201	FEATHER	feather	feather	ꜰᴇᴀᴛʜᴇʀ	2		body parts	A branching, hair-like structure that grows on the skin of birds and protects them against coldness and water and allows their wings to create lift.	羽毛	पंख		羽毛	အမွေး		
13	moon	1313	MOON	moon	moon	ᴍᴏᴏɴ	1			A natural satellite of a planet.	月	चांद		月亮	လ		moon
14	mother	1216	MOTHER	mother	mother	ᴍᴏᴛʜᴇʀ	1			A woman who has at least one child.	母	मां		母亲	အမေ		
15	person..human.being	683	PERSON	person (human being)	person	ᴘᴇʀꜱᴏɴ	1			A human being.	人間	व्यक्ति		人	လူ		person/human being
16	salt	1274	SALT	salt	salt	ꜱᴀʟᴛ	1			A crystalline substance consisting of sodium and chlorine, used for seasoning or preserving food, or for a variety of other industrial and household purposes.	塩	नमक		盐	ဆားငန်		salt
17	snake	730	SNAKE	snake	snake	ꜱɴᴀᴋᴇ	1		fauna	Any reptile of the suborder Serpentes, typically having a scaly cylindrical limbless body, fused eyelids, and a jaw modified for swallowing large prey.	蛇	साँप		蛇	မြွေ		snake
18	sun	1343	SUN	sun	sun	ꜱᴜɴ	1			The particular star at the centre of our solar system, from which the Earth gets light and heat.	太陽	सूरज		太阳	နေ		sun/day
19	0010.:ten	1515	TEN	ten	ten	ᴛᴇɴ	1		numbers	The default numeral for ten (10). It should not include a numeral classifier, but instead be only the bare numeral.	十	दस	দহ	十	ဆယ်		ten
2	bee..general	665	BEE	bee (general)	bee	ʙᴇᴇ	1		fauna	Any pollenating flying insect belonging to the Anthophila clade within the order Hymenoptera. Typically having yellow and black colouring with a striped pattern on the abdoment.	蜂	मधुमक्खी		蜜蜂	ပျား		bee
20	thorn	124	THORN	thorn	thorn	ᴛʜᴏʀɴ	1		flora	A sharp, pointed projection on the stem or branch of a plant, developed as a form of defence from grazing animals.	棘	कांटा		刺	ဆူး		thorn (prick)
21	colour.:black:to.be	163	BLACK	to be black	black	ʙʟᴀᴄᴋ	1			Of the very darkest color owing to the absence of or complete absorption of light, the opposite of white.	黒い	काला		黑	အနက်ရောင်		black
22	colour.:red:to.be	156	RED	to be red	red	ʀᴇᴅ	1		statives	A color resembling the hue of blood, fire, or a ripe tomato.	赤い	लाल		红色	အနီေရာင်		red
23	colour.:white:to.be	1335	WHITE	to be white	white	ᴡʜɪᴛᴇ	1		statives	A color characterized by the presence of all wavelengths of visible light, often associated with purity or innocence.	白い	सफ़ेद		白色的	အဖြူ		white
24	drink:to	1401	DRINK	to drink	drink	ᴅʀɪɴᴋ	1			To consume a liquid through the mouth.	飲む	पीना		喝	သောက်ရန်		drink
25	sleep:to	1585	SLEEP	to sleep	sleep	ꜱʟᴇᴇᴘ	1			To rest in a state of decreased consciousness and reduced metabolism.	眠る	सोना		睡觉	အိပ်ရန်		sleep/lie down
26	weep..cry:to	1839	CRY	to weep (cry)	weep	ᴡᴇᴇᴘ	1			To shed tears in response to an emotional state, such as sadness, pain, or happiness.	泣く	रोना		哭泣	ငို၊ ငို		weep
27	tree	906	TREE	tree	tree	ᴛʀᴇᴇ	1		flora	Any large woody perennial plant with a distinct trunk giving rise to branches or leaves at some distance from the ground.	木	पेड़ (ped)		树	သစ်ပင်		tree/wood
28	village	930	VILLAGE	village	village	ᴠɪʟʟᴀɢᴇ	1			A small community of houses and other buildings, typically in a rural area, often organised under unified leadership and identifiable as a community.	村	गांव		村庄	ရွာ		village
29	water	948	WATER	water	water	ᴡᴀᴛᴇʀ	1			Common liquid (H₂O) which forms rain, rivers, the sea, etc., and which makes up a large part of the bodies of organisms.	水						water
3	blood	946	BLOOD	blood	blood	ʙʟᴏᴏᴅ	1		body parts	A fluid connective tissue consisting of the plasma and cells that circulate in the blood vessels.	血	रक्त		血液	သွေး		blood
30	year	1226	YEAR	year	year	ʏᴇᴀʀ	1			The time it takes the Earth to complete one revolution of the Sun (between 365.24 and 365.26 days depending on the point of reference).	年	साल		年	တစ်နှစ်		year
31	1.du	2634	WE TWO	1 du	1.du	1.ᴅᴜ	2		pronouns	The speaker and exactly one other person. // The first person dual pronominal stem. In varieties which have this stem, it is typically derived from a proposed etymon #tsi. Varieties which lack stem suppletion for dual pronominal forms should have their compounds recorded as such.							
32	1.n.sg.excl	1130	WE (EXCLUSIVE)	1 n sg excl	1.n.sg.excl	1.ɴ.ꜱɢ.ᴇxᴄʟ	2		pronouns	Exclusive form of the non-singular and non-dual pronominal stem. This should only be filled out for languages which have a suppletive clusivity distinction.					ကျွန်တစ်ဦးတည်းနှင့်တကွ		
33	1.n.sg.incl	1131	WE (INCLUSIVE)	1 n sg incl	1.n.sg.incl	1.ɴ.ꜱɢ.ɪɴᴄʟ	2		pronouns	Inclusive form of the non-singular and non-dual pronominal stem. This should only be filled out for languages which have a suppletive clusivity distinction.					ကျွန်မှာတော့		
34	1.sg	1209	I	1 sg	1.sg	1.ꜱɢ	2		pronouns	The first-person singular pronominal stem, typically a reflex of PTB *ŋa or *ka.	わたし						I
35	2.n.sg	1213	YOU	2 n sg	2.n.sg	2.ɴ.ꜱɢ	2		pronouns	Second person non-singular pronominal stem. This will not likely have a suppletive dual counterpart.	おまえたち				သင့်တော်တို့		
36	2.sg	1215	THOU	2 sg	2.sg	2.ꜱɢ	2		pronouns	The second-person singular pronominal stem, typically but not always a reflex of *naŋ.	おまえ						thou
37	3.n.sg	817	THEY	3 n sg	3.n.sg	3.ɴ.ꜱɢ	2		pronouns	Third person non-singular pronominal stem, unmarked for gender. If gendered forms are attested they should be added under separate concepts.	彼ら，彼女ら				သူတို့		
38	3.sg	262	HE OR SHE OR IT	3 sg	3.sg	3.ꜱɢ	2		pronouns	Third person singular pronominal stem. This may in some cases also be one of the demonstrative stems, as is the case in much of Bodo-Garo.	彼，彼女						
39	ant..general	587	ANT	ant (general)	ant	ᴀɴᴛ	2			Any of the black, red, brown, or yellow insects of the family Formicidae characterized by a large head and by living in organized colonies.	蟻	चींटी	পিঁপিলিকা	蚂蚁	ပုရွက်ဆိတ်		ant
4	bridge	1011	BRIDGE	bridge	bridge	ʙʀɪᴅɢᴇ	1			A structure that spans and provides a passage over a road, railway, river, or some other obstacle.	橋	पुल		桥	တံတား		
40	ash	646	ASH	ash	ash	ᴀꜱʜ	2			The powdery incombustible residue left after the burning of a substance. Additional terms for different types of ash may be present, such as the stringy ash left over from burning dry bamboo. This concept is only for the most basic powdery type, but other forms should be documented as such.	灰	राख	বলি	灰烬	ပြာ		ashes
41	bamboo	1927	BAMBOO	bamboo	bamboo	ʙᴀᴍʙᴏᴏ	2		flora	A group of woody perennial evergreen plants in the true grass family Poaceae, subfamily Bambusoideae, tribe Bambuseae.	竹	बांस	ভেতি	竹子	ဝါး		bamboo
42	bat..animal	1793	BAT	bat (animal)	bat	ʙᴀᴛ	2		fauna	A small, flying mammal in the order Chiroptera with wings consisting of skin stretched over a framework of bones, typically active at night.	蝙蝠	चमगादड़		蝙蝠	လင်းနို့		
43	bird..general.term	937	BIRD	bird (general term)	bird	ʙɪʀᴅ	2		fauna	Any of the bipedal, warm-blooded vertebrates that lay eggs having wings which, for most species, enables them to fly.	鳥	पक्षी		鸟	ငှက်၊ ယေဘူယျ		bird
44	bone	1394	BONE	bone	bone	ʙᴏɴᴇ	2		body parts	Any of the components of an endoskeleton, consisting mainly of calcium phosphate, collagen and cells.	骨	हड्डी		骨头	အရိုး		bone
45	alcohol:brewed	404	ALCOHOL (FERMENTED DRINK)	brewed alcohol	brewed.alcohol	ʙʀᴇᴡᴇᴅ.ᴀʟᴄᴏʜᴏʟ	2			A fermented drink is a beverage containing alcohol because of a metabolic process that converts sugar to acids, gases and/or alcohol (e.g. beer or wine).		सुराही दार शराब	জলকীয় দ্রব	酿造酒	အရက်ချက်		
46	chili.pepper	919	CHILI PEPPER	chili pepper	chili.pepper	ᴄʜɪʟɪ.ᴘᴇᴘᴘᴇʀ	2		flora	Any fruit of a plant of the botanical genus Capsicum, noted for their spicy and burning flavour due to presence of capsaicin.	唐辛子	मिर्च		辣椒	ငရုတ်သီးမှုန့်		
47	cloud..rain	1489	CLOUD	cloud (rain)	cloud	ᴄʟᴏᴜᴅ	2			A visible mass of condensed water vapor floating in the atmosphere, typically high above the ground.	雲	बादल		云	တိမ်တိုက်		cloud
48	rice:cooked	1191	COOKED RICE	cooked rice	cooked.rice	ᴄᴏᴏᴋᴇᴅ.ʀɪᴄᴇ	2		rice	Rice that has been prepared by boiling or steaming until it is soft and edible.	ご飯	भात		熟饭	ထမင်း		rice (cooked)
49	pot:cooking	1462	POT	cooking pot	cooking.pot	ᴄᴏᴏᴋɪɴɢ.ᴘᴏᴛ	2			A vessel used for cooking or storing food or liquids.	つぼ	पतीला		烹饪锅	ဟင်းချက်အိုး		
5	eye	1248	EYE	eye	eye	ᴇʏᴇ	1		body parts	The organ that is sensitive to light, which it converts to electrical signals passed to the brain, by which means animals and humans see.	目	आँख		眼睛	မျက်လုံး		eye
50	0008.:eight	1705	EIGHT	eight	eight	ᴇɪɢʜᴛ	2		numbers	The natural number eight (8). // It should not include a numeral classifier, but instead be only the bare numeral.	八	आठ	আঠ	八	ရှစ်		eight
51	father	1217	FATHER	father	father	ꜰᴀᴛʜᴇʀ	2			A male parent.	父	पिता		父亲	အဖေ		
52	finger	1303	FINGER	finger	finger	ꜰɪɴɢᴇʀ	2		body parts	One of the long extremities of the hand that is used for gripping objects.	指	उंगली	আঙুল	手指	လက်ညှိုး		finger/toe
53	0005.:five	493	FIVE	five	five	ꜰɪᴠᴇ	2		numbers	The default numeral for five (5). It should not include a numeral classifier, but instead be only the bare numeral.	五	पांच	পাঁচ	五	ငါး		five
54	0004.:four	1500	FOUR	four	four	ꜰᴏᴜʀ	2		numbers	The default numeral for four (4). It should not include a numeral classifier, but instead be only the bare numeral.	四	चार	চাৰি	四	လေး		four
55	heart	1223	HEART	heart	heart	ʜᴇᴀʀᴛ	2		body parts	A muscular organ that pumps blood through the body.	心臓	दिल		心脏	နှလုံး		heart
56	horn..of.animal	1393	HORN (ANATOMY)	horn (of animal)	horn	ʜᴏʀɴ	2		body parts	A hard growth of keratin that protrudes from the top of the head of certain animals.	角	सींग		角	ဦးချို		horn
57	iron	621	IRON	iron	iron	ɪʀᴏɴ	2			A malleable ductile silvery-white ferromagnetic metallic element with symbol Fe and atomic number 26, occurring principally in haematite and magnetite. It is widely used for structural and engineering purposes.	鉄	लोहा		铁	သံ		iron
58	leg..lower.limb	2098	FOOT OR LEG	leg (lower limb)	leg	ʟᴇɢ	2										
59	0009.:nine	1483	NINE	nine	nine	ɴɪɴᴇ	2		numbers	The default numeral for nine (9). It should not include a numeral classifier, but instead be only the bare numeral.	九	नौ	নৱ	九	ကိုး		nine
6	fire	221	FIRE	fire	fire	ꜰɪʀᴇ	1			The state of combustion in which inflammable material burns, producing heat, flames and often smoke.	火	आग		火	မီး		fire
60	nose	1221	NOSE	nose	nose	ɴᴏꜱᴇ	2		body parts	The organ of the face used to breath and smell.	鼻	नाक		鼻子	နှာခေါင်း		nose
61	0001.:one	1493	ONE	one	one	ᴏɴᴇ	2		numbers	The default numeral for one (1). // It should not include a numeral classifier, but instead be only the bare numeral.	一	एक	এক	一	တစ်		one
62	pig..general	1337	PIG	pig (general)	pig	ᴘɪɢ	2		fauna	A common, four-legged animal (Sus scrofa) that has cloven hooves, bristles and a nose adapted for digging and is farmed by humans for its meat.	豚	सूअर		猪	ဝက်		pig
63	rain	1253	RAIN (RAINING)	rain	rain	ʀᴀɪɴ	2				雨						
64	river	666	RIVER	river	river	ʀɪᴠᴇʀ	2			A stream of water which flows in a channel from high ground to low ground and ultimately to a lake or the sea, except in a desert area where it may dwindle away to nothing.	川	नदी		河流	မြစ်		river/valley
65	root..tree	670	ROOT	root (tree)	root	ʀᴏᴏᴛ	2		flora	The absorbing and anchoring organ of a vascular plant; it bears neither leaves nor flowers and is usually subterranean.	根	जड़		根	အမြစ်		root
66	seed	714	SEED	seed	seed	ꜱᴇᴇᴅ	2		flora	A mature fertilized plant ovule, consisting of an embryo and its food store surrounded by a protective seed coat (testa).	種	बीज		种子	မျိုးစေ့		
67	0007.:seven	1704	SEVEN	seven	seven	ꜱᴇᴠᴇɴ	2		numbers	The natural number seven (7). // It should not include a numeral classifier, but instead be only the bare numeral.	七	सात	সাত	七	ခုနှစ်		seven
68	0006.:six	1703	SIX	six	six	ꜱɪx	2		numbers	The natural number six (6). // It should not include a numeral classifier, but instead be only the bare numeral.	六	छह	ছয়	六	ခြောက်ခဲ့သည်		six
69	skin	763	SKIN	skin	skin	ꜱᴋɪɴ	2		body parts	The tissue forming the outer covering of the vertebrate body: it consists of two layers, the outermost of which may be covered with hair, scales, feathers, etc. It is mainly protective and sensory in function.	皮膚	त्वचा		皮肤	အရေပြား		skin/bark
7	flower	239	FLOWER	flower	flower	ꜰʟᴏᴡᴇʀ	1		flora	The reproductive structure of angiosperm plants, consisting of stamens and carpels surrounded by petals and sepals all borne on the receptacle.	花	फूल		花	ပန်း		flower
70	smoke	778	SMOKE (EXHAUST)	smoke	smoke	ꜱᴍᴏᴋᴇ	2			An aerosol, consisting of visible particles and gases, produced by the incomplete burning of carbon-based materials, such as wood and fossil fuels.	煙	धुआं		烟	မီးခိုး		smoke
71	spear	945	SPEAR	spear	spear	ꜱᴘᴇᴀʀ	2			a long, stabbing weapon for thrusting or throwing, consisting of a wooden shaft to which a sharp-pointed head, as of iron or steel, is attached.	槍	भाला		矛	လှံ		
72	star	1430	STAR	star	star	ꜱᴛᴀʀ	2			A luminous celestial body that is made from gases (particularly hydrogen and helium) and forms the shape of a sphere.	星	तारा		星星	ကြယ်ပွင့်		star
73	stone	857	STONE	stone	stone	ꜱᴛᴏɴᴇ	2			A hard, naturally occurring mineral material often used for building, sculpture, or paving.	石	पत्थर		石头	ကျောက်		stone
74	tail	1220	TAIL	tail	tail	ᴛᴀɪʟ	2		body parts	The appendage of an animal that is attached to its posterior and near the anus.	尻尾	पूंछ		尾巴	အမြီး		tail
75	leech:terrestrial	2273	LEECH	terrestrial leech	terrestrial.leech	ᴛᴇʀʀᴇꜱᴛʀɪᴀʟ.ʟᴇᴇᴄʜ	2		fauna	Segmented worms that belong to the phylum Annelida and comprise the subclass Hirudinea.	蛭	ज़मीनी जुएँ		陆寄生	ကုန်းနေ မျှော့		leech
76	0003.:three	492	THREE	three	three	ᴛʜʀᴇᴇ	2		numbers	The natural number three (3). // It should not include a numeral classifier, but instead be only the bare numeral.	三	तीन	তিনি	三	သုံး		three
77	thunder	1150	THUNDER	thunder	thunder	ᴛʜᴜɴᴅᴇʀ	2			The large booming sound in the sky during storms, as caused by lightning heating the air around it to a very high temperature, causing it to rapidly expand and contract.	雷	गरज (garaj)		雷	မိုးကြိုး		
78	tiger	846	TIGER	tiger	tiger	ᴛɪɢᴇʀ	2		fauna	Panthera tigris. A large, carnivorous feline with distinctive orange and black stripes. This concept may be understood by speakers as any large cat belonging to the genus Panthera, so care must be taken to avoid ambiguity.	虎	बाघ		老虎	ကျား		
79	heavy:to.be	1210	HEAVY	to be heavy	heavy	ʜᴇᴀᴠʏ	2			Of a physical object, having great weight.	重い	भारी होना		重	လေးလံဖို့၊		heavy
8	fruit	1507	FRUIT	fruit	fruit	ꜰʀᴜɪᴛ	1		flora	The sweet and fleshy product of a tree or other plant that contains seed and can be eaten as food.	実	फल		水果	အသီး		fruit
80	lightweight:to.be	1052	LIGHT (WEIGHT)	to be lightweight	lightweight	ʟɪɢʜᴛᴡᴇɪɢʜᴛ	2			With a small mass, little weight or density; the opposite of heavy.	軽い	हल्का होना		轻巧	ပေါ့ပါးစေရန်		lightweight
81	ripe:to.be	178	RIPE	to be ripe	ripe	ʀɪᴘᴇ	2			To be fully developed or mature, and ready to be eaten or used.	熟する	पकना		成熟	မှည့်ရန်		ripe/well-cooked
82	short..length:to.be	1645	SHORT	to be short (length)	short	ꜱʜᴏʀᴛ	2			Small in length by comparison.	短い	छोटा होना		短	အတိုအရှည်ဖြစ်ရမည်။		
83	unripe:to.be	1958	UNRIPE	to be unripe	unripe	ᴜɴʀɪᴘᴇ	2			Of a fruit or vegetable that has not yet fully developed.		अपका		未熟的	မမှည့်သော		
84	die:to	1494	DIE	to die	die	ᴅɪᴇ	2			To cease to live.	死ぬ	मरना		死	သေဖို့		die
85	dig:to	1418	DIG	to dig	dig	ᴅɪɢ	2			To move earth, rocks, etc. out of the way, usually to create a hole.	掘る	खोदना		挖	တူးရန်		dig
86	dream:to	1920	DREAM (SOMETHING)	to dream	dream	ᴅʀᴇᴀᴍ	2			To experience a series of images, thoughts, and sensations during sleep, often accompanied by emotions and creating a sense of reality.	夢を見る	सपना देखना		做梦	အိပ်မက်မက်ဖို့		dream
87	fly:to	1441	FLY (MOVE THROUGH AIR)	to fly	fly	ꜰʟʏ	2			To move autonomously through the air, without any part of the object or object's enclosure touching anything attached to the ground.	飛ぶ	उड़ना		飞	ပျံသန်းရန်		fly
88	give:to	1447	GIVE	to give	give	ɢɪᴠᴇ	2			To transfer the possession or holding (of an object) to another person.	与える	देना		给	ပေးရန်		give
89	shoot..arrow:to	1172	SHOOT	to shoot (arrow)	shoot	ꜱʜᴏᴏᴛ	2			To fire a shot from a firearm, bow or other weapon.	撃つ	गोली चलाना		射击	ပစ်ရန်		shoot
9	head	1256	HEAD	head	head	ʜᴇᴀᴅ	1		body parts	The part of the body of an animal or human which contains the brain, mouth and main sense organs.	頭	सिर		头	ခေါင်း		head
90	sit:to	1416	SIT	to sit	sit	ꜱɪᴛ	2			To be in a position with the upper body upright and the legs resting.	座る	बैठना		坐	ထိုင်ရန်		sit
91	stand..in.place:to	1442	STAND	to stand (in place)	stand	ꜱᴛᴀɴᴅ	2			To assume an upright position on one's feet, often with the intention of remaining stationary for a period of time.	立つ	खड़े रहना		站	ရပ်တည်ရန်		stand
92	vomit:to	1278	VOMIT	to vomit	vomit	ᴠᴏᴍɪᴛ	2			To forcefully expel the contents of one's stomach through the mouth, often as a result of illness or the ingestion of harmful substances.	吐く	उल्टी करना		呕吐	အော့အန်ခြင်း။		vomit
93	walk:to	1443	WALK	to walk	walk	ᴡᴀʟᴋ	2			To move from one place to another by moving legs alternately, so that at least one foot is in contact with the floor or surface at any one time.	歩く	चलना		走路	လမ်းလျှောက်ရန်		
94	weave..fabric:to	133	WEAVE	to weave (fabric)	weave	ᴡᴇᴀᴠᴇ	2			To create a fabric by interlacing threads.	織る	बुनना		编织	ရက်ကန်း		weave
95	tomorrow	1329	TOMORROW	tomorrow	tomorrow	ᴛᴏᴍᴏʀʀᴏᴡ	2			The day after the present day.	明日	कल (kal)		明天	မနက်ဖြန်		
96	tongue	1205	TONGUE	tongue	tongue	ᴛᴏɴɢᴜᴇ	2		body parts	The flexible muscular organ in the mouth that is used to move food around, for tasting and that is moved into various positions to modify the flow of air from the lungs in order to produce different sounds.	舌	जीभ (jibh)		舌头	လျှာ		tongue
97	0002.:two	1498	TWO	two	two	ᴛᴡᴏ	2		numbers	The natural number two (2). // It should not include a numeral classifier, but instead be only the bare numeral.	二	दो	দুই	二	နှစ်		two
98	wind	960	WIND	wind	wind	ᴡɪɴᴅ	2			The natural movement of the air, especially in the form of a current blowing from a particular direction.	風	हवा		风	လေ		wind
